"Source","Target","NumEscroete"
"SYMON BUEE","JAKEMON DE PIERONNE","I1"
"JEHAN PIEDOUL","JAKEMON DE PIERONNE","I1"
"WATIER LE CLERC","JEHAN MULET","I1"
"JEHAN MULET","CRESTIIEN LE MERCHIER","I1"
"MARIIEN DE SYM","CRESTIIEN LE MERCHIER","I1"
"SYMON BELOT","JAKEMON LE PLAKEUR","I1"
"MARIEN DE RANSART","JAKEMON LE PLAKEUR","I1"
"AGNIÉS DOU RIÉS","ukn0","I1"
"AMANT DE LANDAST","ukn0","I1"
"AMANT DE LANDAST","HUON DE HERENGHES","I1"
"WILLIAUME LE CODENT","HUON DE HERENGHES","I1"
"GILLION DE BIETUNE","JEHENNAIN DE CARVIN","I1"
"JEHAN LE CARLIER","JEHENNAIN DE CARVIN","I1"
"HUON DE HERENGHES","JEHAN BOUKEHORT","I1"
"PIERONNAIN DE COURCIELES","JEHAN BOUKEHORT","I1"
"JEHAN LE PIGNIER","HUON DE HERENGHES","I1"
"HUON DE HERIN","JEHAN DE LEWARDE","I1"
"WILLIAUME RAMET","JEHAN DE LEWARDE","I1"
"SOHIER DOU MARÉS","ROBIERT DE FIERIN","I1"
"PIERON LE RAMET","ukn1","I1"
"JEHAN MOUTON","ukn1","I1"
"SYMON DE PIERONNE","BAUDE L'ARTISIEN","I1"
"MARIIEN LE LIENARDE","WILLIAUME LE VESKE","I1"
"JEHAN DE RIENCOURT","ROBIERT CIERFUEL","I1"
"LAMBIERT D'ARRAS","ROBIERT CIERFUEL","I1"
"HENRI DOU PUCH","UZILIIEN D'OSTRICORT","I1"
"GOSSART POURCIEL","ukn2","I1"
"WATIER DE FERIN","ukn2","I1"
"JEHAN DE VITERI","ALAIN LE PANETIER","I1"
"JEHAN LAVENDIER","ALAIN LE PANETIER","I1"
"JEHAN LAVENDIER","ukn3","I1"
"MIKIEL DOU GARDIN","ukn3","I1"
"HENRI VINGRE","JEHAN ROUSIEL","I1"
"WILLIAUME DE SAILLI","JEHAN ROUSIEL","I1"
"POLET LE MERCHIER","JEHAN MOUTON","I1"
"SYMON BUEE","JEHAN MOUTON","I1"
"GHILLAIN D'ESTREES","WATIER RAINGOT","I1"
"BAUDE D'ESTREES","WATIER RAINGOT","I1"
"FRERES MENUS","MARTIN DE DICHI","I1"
"MARTIN DE DICHI","JAKEMON LE VAKIER","I1"
"ALOY LE BARBETEUR","JAKEMON LE VAKIER","I1"
"CLIMENCHIIEN DE GAIGNAING","GHILLAIN LEUREUSE","I1"
"GHILLAIN LEUREUSE","WERIN CHASE DIEU","I1"
"WERIN CHASE DIEU","RAOUL D'ERCHIN","I1"
"JEHAN DE FRANCHE","RAOUL D'ERCHIN","I1"
"JEHAN DE FRANCHE","SAINTAIN DE DICHI","I1"
"ALAIN LE PANETIER","SAINTAIN DE DICHI","I1"
"EUBERI LE LEU","HENNIN POURCELET","I1"
"JEHAN DE BAPAUMES","HENNIN POURCELET","I1"
"WERIN BARDE","ukn4","I1"
"ROBERT D'ESTREES","ukn4","I1"
"EMMELOT BOINE BROKE","GILLION LOUVRI","I1"
"MARIIEN LOUVRI","GILLION LOUVRI","I1"
"PIERON FAUKE","SAUWALON PAINMOULLIET","I1"
"MARIIEN PAINMOULLIET","PIERON FAUKE","I1"
"HENNIN CHASSE DIEU","PIERON FAUKE","I1"
"ROBIERT CIERFUEL","MEHAUT LE FAVERESSE","I1"
"JEHAN DE FRANCHE","MEHAUT LE FAVERESSE","I1"
"JEHAN DE FRANCHE","MAROTAIN PAINMOULLIET","I1"
"MARIIEN LE SOURDE","MAROTAIN PAINMOULLIET","I1"
"GRART PAINMOULLIET","MARIIEN LE SOURDE","I1"
"MARIIEN LE SOURDE","HENNIN LE HUGIER","I1"
"GILLION LE ROGIER","MARGOT LE MERCHIERE","I1"
"GILLION LE ROGIER","AALIS AUDEGON","I1"
"SIMON MALET","PIERON LANGEVILLE","I1"
"SARAIN DE LANNOIT","PIERON LANGEVILLE","I1"
"RICHART POURCIEL","JEHAN DOU BOS","I1"
"RICHART POURCIEL","ukn5","I1"
"JULIANE LE DAULEE","ukn5","I1"
"MARIIEN LE SEBYLE","JAKEMON DE PROUVINS","I1"
"AGNIÉS DOU RIÉS","JAKEMON DE PROUVINS","I1"
"LEURENC LOURE","JEHAN DE SYM","I1"
"CLIMENT LE WANTIER","JEHAN DE SYM","I1"
"JEHAN DE SYM","BAUDUIN LE SOIEUR","I1"
"YSABIEL DE HAINNAU","BAUDUIN LE SOIEUR","I1"
"GRART LELEU","WISTASSE LE WANTIER","I1"
"ENMAIN DE BARLET","WISTASSE LE WANTIER","I1"
"HUON DE SYM","WILLIAUME DE BARLET","I1"
"ROBIERT GRAVIEL","WILLIAUME DE BARLET","I1"
"COLART LE BOURGOIS","JEHAN LE CARLIER","I1"
"ROBIERT GRAVIEL","JEHAN LE CARLIER","I1"
"EVRART GOULET","ROBIERT LE BLONT","I1"
"AGNIÉS DOU RIÉS","PIERON CHEVALIER","I1"
"SAINTAIN LE CHEVALIERE","PIERON D'AUBI","I1"
"PIERON D'AUBI","JEHAN DE LE CAVENE","I1"
"WAUBIERT BAUDENNE","JEHAN DE LE CAVENE","I1"
"JEHAN DE LE CAVENE","COLART LE RIKIER","I1"
"COLART LE RIKIER","WAUBIERT LE KIEVRE","I1"
"AMANT DE LANDAST","WAUBIERT LE KIEVRE","I1"
"AGNIÉS LE LEU","HENRI DODIN","I1"
"ROGIER LE FEVRE","HENRI DODIN","I1"
"JEHAN DE LANETE","ROGIER LE FEVRE","I1"
"JEHAN DE MASENGARBE","MIKIEL D'ARRAS","I1"
"AGNIÉS DOU RIÉS","DOU CAUÇON","I1"
"JAKEMON DOU CAUÇON","AGNIÉS DOU RIÉS","I1"
"SAINTAIN LE CHEVALIERE","AGNIÉS DOU RIÉS","I1"
"JEHAN DE MASENGARBE","MARIIEN AUDEFROI","I1"
"RICOUART BOFFLIN","BLIAUT L'ORFEVRE","I1"
"BLIAUT L'ORFEVRE","PIERON LE BLANKISSEUR","I1"
"JAKEMON PAINMOULLIET","PIERON LE BLANKISSEUR","I1"
"HUON L'ENFANT","JEHENNAIN LE MERCHIERE","I1"
"SAINT PIERE","JEHENNAIN LE MERCHIERE","I1"
"HENNIN POURCELET","JEHENNAIN LE MERCHIERE","I1"
"SAINT AMANT","WATIER MUSART","I1"
"WATIER MUSART","BERNART CATEL","I1"
"LANVIN DE SAINT VENANT","BERNART CATEL","I1"
"LANVIN DE SAINT VENANT","YSABIEL AUDEGON","I1"
"YSABIEL AUDEGON","BAUDE DE COMMINES","I1"
"BAUDE DE COMMINES","GILLION DE CANFIN","I1"
"HENRI POURCELET","GILLION DE CANFIN","I1"
"WATIER PORCELET","LIEGART MALET","I1"
"LIEGART MALET","EVRART L'ENFANT","I1"
"ROBIERT BOINEBROKE","EVRART L'ENFANT","I1"
"JEHAN PAINMOULLIET","ukn6","I1"
"BAUDE CAPELET","PIERON LE CORDIER","I1"
"PIERON DAGHENET","PIERON LE CORDIER","I1"
"COLART AGHEHIES","SANDRART MASENGHE","I1"
"SANDRART MASENGHE","AMOURI D'ALLUES","I1"
"AMOURI D'ALLUES","WILLIAUME JOLIT","I1"
"BAUDUIN D'ANVIN","WILLIAUME JOLIT","I1"
"BIERNART CAMPENOIS","THUMAS LE KIEVRE","I1"
"RICHART POURCIEL","THUMAS LE KIEVRE","I1"
"RICHART POURCIEL","JEHAN PIKETE","I1"
"JEHAN LE SEGART","JEHAN PIKETE","I1"
"SAINT AMANT","ukn7","I1"
"SAINT JEHAN","IVETAIN MORIELE","I1"
"JEHAN TRUBIERT","IVETAIN MORIELE","I1"
"JEHAN PIKETE","JAKEMON ESPAIGNOT","I1"
"BAUDE PIECIN","JAKEMON ESPAIGNOT","I1"
"JAKEMON PAINMOULLIET","JEHAN LE SEGART","I1"
"WAUBIERT LE KIEVRE","ADAN LENGLÉS","I1"
"MARIEN LE RAINGHIERE","ADAN LENGLÉS","I1"
"MARIEN PATROULLE","MARIEN RICOUART","I1"
"COLART DE DICHI","MARIEN RICOUART","I1"
"MARIIEN LOUVRI","COLART DE DICHI","I1"
"MARIEN PATROULLE","COLART DE DICHI","I1"
"JEHAN VERDERIEL","GILLION DE FLEKIERES","I1"
"GILLOT LE SERGANT","GILLION DE FLEKIERES","I1"
"MARIEN PATROULLE","SAINT ELOIT","I1"
"SYMON DE LE PORTE","PIERON DE CAMBRAI","I1"
"JAKEMON DE CAMBRAI","PIERON DE CAMBRAI","I1"
"JEHAN DE BERTUIS","JEHAN DE BAUVIN","I1"
"ROBIERT CADOT","JEHAN DE BAUVIN","I1"
"JEHAN DE CLARI","JAKEMON LE LEU","I1"
"MARIIEN LOUVRI","JAKEMON LE LEU","I1"
"WATIER COSTET","JEHAN LE CORDIER","I1"
"PIERONAIN LE CONMERE","JEHAN LE CORDIER","I1"
"MARIIEN LOUVRI","JEHAN D'ARRAS","I1"
"JEHAN D'ARRAS","ukn8","I1"
"WERIN LE FORNIER","ukn8","I1"
"JEHAN HAUTDECUR","GILLION DE FLEKIERES","I1"
"JEHAN D'ESTRASSIELES","GILLION DE FLEKIERES","I1"
"MARIIEN DE FRETIN","WILLIAUME DE FIERIN","I1"
"WILLIAUME LE FLAMENC","WILLIAUME DE FIERIN","I1"
"MARIEN LE SAINGLERE","WILLIAUME DE FIERIN","I1"
"WILLIAUME DE FIERIN","HUON DOUCET","I1"
"MARIIEN DE LENS","HUON DOUCET","I1"
"HUON DOUCET","PIERON DE BUIGNICORT","I1"
"BRIDAIN BOINEBROKE","PIERON DE BUIGNICORT","I1"
"JAKEMON LE PLAT","LUSSAIN LOLIVIERE","I1"
"ESTIEVENON DE LEWARDE","LUSSAIN LOLIVIERE","I1"
"WATIER BOINE BROKE","ukn9","I1"
"SAINT ELOIT","ukn9","I1"
"SYMON BUEE","PIERON DOU BURGHET","II1"
"MARIEN LE CLERC","PIERON DOU BURGHET","II1"
"MGR WATIER","JAKEMON BARDE","II1"
"SAINT JAKEME","JAKEMON BARDE","II1"
"JEHAN D'ASTICES","JAKEMON BARDE","II1"
"MARIEN DE LE MOUREE","RICOUART BOFFLIN","II1"
"RICOUART BOFFLIN","MARIEN MOUTON","II1"
"ROBIERT BOINEBROKE","MARIEN MOUTON","II1"
"ROBIERT BOINEBROKE","AMANT DE LANDAST","II1"
"JEHAN DE FRESAING","AMANT DE LANDAST","II1"
"WILLIAUME MALET","BAUDE DE LE CICLE","II1"
"JEHAN LE CASTREUR","BAUDE DE LE CICLE","II1"
"RICOUART BOFFLIN","RISSENT DE LE PREE","II1"
"NICHOLON CAILLIEL","RISSENT DE LE PREE","II1"
"PIERON LE MUELEKINIER","JEHAN MAUPARENT","II1"
"SAINT SANSON","JEHAN MAUPARENT","II1"
"PIERON AUDEVARE","AALIS DEMIE ESCUIELE","II1"
"WATIER BOINE BROKE","AALIS DEMIE ESCUIELE","II1"
"WATIER BOINE BROKE","WATIER TREPIEL","II1"
"MARGRITAIN DE FIERIN","WATIER TREPIEL","II1"
"JEHAN LE TOILIER","GILLION DE LE CAMBE","II1"
"HIELOTAIN LE LANIERE","GILLION DE LE CAMBE","II1"
"HIELOTAIN LE LANIERE","ROBIERT LE CANGEUR","II1"
"EUBERI LE LEU","ROBIERT LE CANGEUR","II1"
"MARIEN LE RENBERHIERE","COLART LE BOURGOIS","II1"
"WATIER PORTE ESTEULE","COLART LE BOURGOIS","II1"
"JAKEMON PAINMOLLIÉ","YSABIEL LANGOISSEUSE","II1"
"JEHAN DE MIEREGNIES","WILLIAUME DE BIAUMONT","II1"
"WILLIAUME DE BIAUMONT","CLIMENT LE TONDEUR","II1"
"COLART DEBOUS","CLIMENT LE TONDEUR","II1"
"AGNIÉS DOU BREKIN","COLART LE BOURGOIS","II1"
"COLART LE BOURGOIS","MGR SAUWALON DE VREGELAI","II1"
"JAKEMON POURCIEL","MGR SAUWALON DE VREGELAI","II1"
"MGR SAUWALON DE VREGELAI","JAKEMON CAVETE","II1"
"JAKEMON POURCIEL","JAKEMON CAVETE","II1"
"FOUKIER LEUREUS","JAKEMON CAVETE","II1"
"JAKEMON POURCIEL","ESTIEVENON CHEVALIER","II1"
"COLART LE BOURGOIS","ESTIEVENON CHEVALIER","II1"
"ROBIERT DOU BREKIN","ESTIEVENON CHEVALIER","II1"
"MARIEN LE CANDELIERE","JEHAN D'ESTREES","II1"
"MARIEN DE HOUDAING","JEHAN D'ESTREES","II1"
"JEHAN LE CUVELIER","MIKIEL LE CAUCETEUR","II1"
"BAUDE L'ARTISIEN","MIKIEL LE CAUCETEUR","II1"
"PIERON LE TRUANT","BAUDE L'ARTISIEN","II1"
"BAUDE CAPELET","BAUDE L'ARTISIEN","II1"
"ROBERT D'ESTREES","BAUDE L'ARTISIEN","II1"
"JEHAN DE FRANCHE","BAUDE L'ARTISIEN","II1"
"ALENT DE BOUCHAIN","MARIEN LE COCH","II1"
"WILLIAUME MALET","MARIEN LE COCH","II1"
"JEHAN DE WAUCRES","JAKEMON AUDEGON","II1"
"MARIEN LE CAUDRELIERE","JAKEMON AUDEGON","II1"
"JAKEMON POURCIEL","JAKEMON AUDEGON","II1"
"ŒDAIN DE PROUVINS","BAUDE L'ARTISIEN","II1"
"GILLION L'ESKIEVIN","JAKEMON DE SAUDEMONT","II1"
"COKIN DE LANDAST","JAKEMON DE SAUDEMONT","II1"
"GILLION RUPAUT","ESTIEVENON DE DOREGNI","II1"
"ROGIER DOU FOUR","ESTIEVENON DE DOREGNI","II1"
"LES BOUKIAUS","WILLIAUME DE SAILLI","II1"
"WILLIAUME DE SAILLI","JAKEMON DE SAILLI","II1"
"EVAIN D'OISEMONT","JAKEMON DE SAILLI","II1"
"EVAIN D'OISEMONT","JEHAN LE GIERMAIN","II1"
"DOUCET LE GRIFON","JEHAN LE GIERMAIN","II1"
"JEHAN LE GIERMAIN","ukn10","II1"
"PIERON MALASIS","ukn10","II1"
"MARTIN DE TREHOURT","JAKEMON LE RENGHIER","II1"
"PIERON LE DUC","JAKEMON LE RENGHIER","II1"
"JAKEMON LE RENGHIER","NICHOLON LE MIGNOT","II1"
"GRART DE GANT","NICHOLON LE MIGNOT","II1"
"WILLIAUME WASCRELIE","JAKEMON D'ORCHIES","II1"
"JEHAN DUR DENIER","JAKEMON D'ORCHIES","II1"
"FOUKEUT DE CANTIN","AALIS DOU RIVAGE","II1"
"ROBIERT DE LAMBRES","AALIS DOU RIVAGE","II1"
"ROBIERT DE LAMBRES","MGR GRART GADOUL","II1"
"MARGOT CAUVETE","MGR GRART GADOUL","II1"
"CHATELINE LE FOURIERE","CRESTIENE LE MIGNOTE","II1"
"MARIEN LE RICHART","CRESTIENE LE MIGNOTE","II1"
"JULIANE CLINCHART","MEHAUT D'ESTREES","II1"
"JEHENNAIN TIESTE","PIERON DE HASNON","II1"
"PIERON DE HASNON","ukn11","II1"
"MARIIEN DE MONTEGNI","ukn11","II1"
"MARGOT DE MAGNI","ukn12","II1"
"MARGOT DE MAGNI","MARIIEN FLORENT","II1"
"SAINT AMANT","MARIIEN FLORENT","II1"
"LE HUGE","MARGOT BOFFLINE","III1"
"SIMON MALET","MARGOT BOFFLINE","III1"
"SAINT NICHOLAÏ","RENIER MALET","III1"
"LANVIN DE SAINT VENANT","RENIER MALET","III1"
"EVRART L'ENFANT","ANDRIU LE BARBETEUR","III1"
"JEHAN MAUVISET","ANDRIU LE BARBETEUR","III1"
"JEHAN MAUVISET","HEUDIART DE GAVERIELE","III1"
"JEHAN BOINE BROKE","HEUDIART DE GAVERIELE","III1"
"BERNART DE GOY","WATIER BOINE BROKE","III1"
"JEHAN BOINE BROKE","JAKEMON DE FRESAING","III1"
"ELYSSENT LE CARDONIERE","JAKEMON DE FRESAING","III1"
"JAKEMON DE SAINT VENANT","JAKEMON DE FRESAING","III1"
"SAINT NICHOLAÏ","EVRART LE CARDONNIER","III1"
"ROBERT D'ESTREES","EVRART LE CARDONNIER","III1"
"EVRART DE SAINT VENANT","BAUDE DE SAINT VENANT","III1"
"NICHOLON DE LOBERGHES","JAKEMON BELIN","III1"
"MGR WATIER","BERNART DE GOY","III1"
"SAINT JAKEME","BERNART DE GOY","III1"
"MAHIU DE TAUVOIE","BERNART DE GOY","III1"
"JAKEMON BELIN","EVRART DE SAINT VENANT","III1"
"BERNART DE GOY","ALIXANDRE CAVETE","III1"
"JULIANE DE FONCES","ALIXANDRE CAVETE","III1"
"CRESTIEN TAILLE BRESIL","EVRART DE SAINT VENANT","III1"
"AALIS LE PETITE","EVRART DE SAINT VENANT","III1"
"PIERON DE LE CLAVIERE","GUITON BERNART","III1"
"JEHAN LOGIER","JEHAN MAUVISET","III1"
"JEHAN BOINE BROKE","JEHAN MAUVISET","III1"
"MARIEN LE BLANKISSCERESSE","SAINTAIN D'ESTREES","III1"
"MARGOT CAUVETE","SAINTAIN D'ESTREES","III1"
"HIELOTAIN DE WARENGHIEN","ROBIERT BOINEBROKE","III1"
"ESTIEVENON LE JOUTIER","ROBIERT BOINEBROKE","III1"
"ROBIERT BOINEBROKE","GUITON BERNART","III1"
"JAKEMON LE BRUN","GUITON BERNART","III1"
"JAKEMON LE CHAVETIER","JEHAN LE PATINIER","III1"
"PIERON BOINE BROKE","JEHAN LE PATINIER","III1"
"PIERON BOINE BROKE","LAMBIERT DE GOY","III1"
"SAINT VENANT","LAMBIERT DE GOY","III1"
"LAMBIERT DE GOY","EVRART DE SAINT VENANT","III1"
"WILLIAUME DE SAINT AMANT","EVRART DE SAINT VENANT","III1"
"HUON LE POVRE","TASSART LE BEGHIN","III1"
"TASSART D'ALLUES","TASSART LE BEGHIN","III1"
"JAKEMON DE VREGELAI","ALOUL DE LAMBRES","III1"
"ALOUL DE LAMBRES","MARIEN LE BRUNE","III1"
"MARIEN LE BRUNE","HUON LE BLANKISSEUR","III1"
"NICHOLON DE PESKENCORT","HUON LE BLANKISSEUR","III1"
"PIERON LE PINIER","HENRI D'ORCHIES","III1"
"WILLIAUME LENGLÉS","HENRI D'ORCHIES","III1"
"WILLART DE BRUILLE","WILLIAUME LENGLÉS","III1"
"RAINGHIER PIET","WILLIAUME LENGLÉS","III1"
"SOHIER DOU MAISIEL","WATIER GRAINNOURI","IV"
"MARIEN DE LOBERGHES","JEHAN LOEDON","IV"
"VIOTE BOINE VIE","JEHAN LOEDON","IV"
"VIOTE BOINE VIE","GILLION PORTE ESTEULE","IV"
"JAKEMON BOINE VIE","GILLION PORTE ESTEULE","IV"
"MIKIEL CHARLE","HENNIN DE GOY","IV"
"RAINGHIER DE KIERI","HENNIN DE GOY","IV"
"MARIEN LE PREUDEFEME","JAKEMON DOU MARÉS","IV"
"JAKEMON BOINE VIE","JAKEMON DOU MARÉS","IV"
"FOUKIER LEUREUS","JAKEMON DOU MARÉS","IV"
"HENRI POURCELET","PIERON BOINE VIE","IV"
"GOSSART POURCIEL","PIERON BOINE VIE","IV"
"JEHAN DE FLOREBAIS","ROBIERT D'ASTICES","IV"
"ALIXANDRES MASENGHE","ROBIERT D'ASTICES","IV"
"ROBIERT D'ASTICES","JEHAN LE FEVRE","IV"
"SARAIN WENNINE","JEHAN LE FEVRE","IV"
"ALIXANDRES MASENGHE","JEHAN LE FEVRE","IV"
"SARAIN WENNINE","RENIER MALET","IV"
"JEHAN LE MONNIIER","RENIER MALET","IV"
"THUMAS DE BOULENOIS","JAKEMON LOUVET","IV"
"JAKEMON LOUVET","JEHAN LE MIGNOT","IV"
"ERNOUL BOINE","WISTASSE LE BARBETEUR","IV"
"JAKEMON LE GANTOIS","WISTASSE LE BARBETEUR","IV"
"MEHAUT LE MERCHIERE","BAUDUIN DE DOUAY","IV"
"WILLIAUME SALEMON","MARIEN LE LONGHE","IV"
"AGNIÉS HUELINE","MASSART DE MONS","IV"
"MARIEN DE VALENCHIENES","MASSART DE MONS","IV"
"GRART DE BERSEES","GILLOTAIN DE BAPAUMES","IV"
"SAINT PIERE","THIEBAUT DE HENNIN","IV"
"MARIEN DOUCE MINE","THIEBAUT DE HENNIN","IV"
"SAINT VAST","PIERON DE ROGHEGNIES","IV"
"RAOUL D'ASTRIKES","PIERON DE ROGHEGNIES","IV"
"RAOUL D'ASTRIKES","PIERON DE HASNON","IV"
"EREMBOURC BUTOR","PIERON DE HASNON","IV"
"PIERON DE HASNON","ukn13","IV"
"JEHENNAIN DE FLORENCE","ukn13","IV"
"PIERON LE FRANKE","SANDRART DE COUSTICES","V1"
"SANDRART DE COUSTICES","NICHOLON TRUEVE ARGENT","V1"
"PIERON DE HASNON","NICHOLON TRUEVE ARGENT","V1"
"GILLION DE CARVIN","COLART DE COUSTICES","V1"
"JEHAN PARENT","COLART DE COUSTICES","V1"
"WERIN DE MAUCHICORT","COLART DE MONTEGNI","V1"
"JEHAN MIENUIT","COLART DE MONTEGNI","V1"
"NICHOLON DE MONTEGNI","JEHAN MIENUIT","V1"
"JAKEMON DE LENS","JEHAN MIENUIT","V1"
"JAKEMON LE FLAMENC","MONNE DE MONS","V1"
"GILLION LE TIEULIER","MONNE DE MONS","V1"
"HAUWIT LE MERCHIERE","JEHAN LE BIERTOUL","V1"
"JEHAN LE BIERTOUL","JAKEMON CAVETE","V1"
"MARGOT ROUSSIELE","JAKEMON CAVETE","V1"
"SAINT PIERE","COLART LE MARTIN","V1"
"SAINT PIERE","THUMAS LE WARETEUR","V1"
"JEHAN LE POTIER","THUMAS LE WARETEUR","V1"
"JEHAN LE POTIER","MARIEN DE LE POTERIE","V1"
"RICHART DOU MARKIET","MARIEN DE LE POTERIE","V1"
"THIEBAUT DE HENNIN","LE MONNE","V1"
"ESTIEVENON LE TONDEUR","GUIFROI LE CARETON","V1"
"JEHAN DE FRANCHE","WILLART DE BAUVIN","V1"
"JAKEMON DE PASKENDALE","WILLART DE BAUVIN","V1"
"MONNART BOINE BROKE","SYMON DES AUBIAUS","V1"
"JEHAN PLANÇON","SYMON DES AUBIAUS","V1"
"JEHAN PLANÇON","GRART DE MARCHIENES","V1"
"GRART DE MARCHIENES","JEHAN LE MUELEKINIER","V1"
"ENMELOT DE COUSTICES","JEHAN LE MUELEKINIER","V1"
"HENRI BIEL","BAUDE DE SAINT VENANT","V1"
"AMANT DE LANDAST","BAUDE DE SAINT VENANT","V1"
"AMANT DE LANDAST","RICHART POURCIEL","V1"
"RICHART POURCIEL","JEHAN DE WARLERS","V1"
"THUMAS ESPINEKOKE","JEHAN DE WARLERS","V1"
"RICHART POURCIEL","COLART LE BOURGOIS","V1"
"BAUDE DE HENNIN","COLART LE BOURGOIS","V1"
"JEHAN LE NOIR","ROBIERT LE CANGEUR","V1"
"KATELINE DE PASKENDALE","ROBIERT LE CANGEUR","V1"
"JEHAN LENGHERREN","JEHAN LE LINNIER","V1"
"MARIEN DE FIERIN","JEHAN LE LINNIER","V1"
"JAKEMON DE SAUDEMONT","JEHAN LOGIER","V1"
"JEHAN DE LE BASSEE","JEHAN LOGIER","V1"
"WILLIAUME DE WARLAING","JAKEMON DE WARLAINGG","V1"
"JEHAN RAINNUIT","JAKEMON DE WARLAINGG","V1"
"JAKEMON DE WARLAING","JEHAN RAINNUIT","V1"
"ROBIERT D'ANEULIN","JEHAN RAINNUIT","V1"
"MGR MIKIEL","BAUDUIN DE ROUCORT","V1"
"BAUDUIN DE ROUCORT","MGR HUON D'ARRAS","V1"
"MGR HUON D'ARRAS","THUMAS D'ESPINOIT","V1"
"SAINTAIN DE LE COUPIELE","THUMAS D'ESPINOIT","V1"
"HENRI LE MESSAGIER","SYMON LE GRANT","V1"
"SYMON LE GRANT","WILLIAUME DE PASKENDALE","V1"
"PHELIPPON DOU CELIER","WILLIAUME DE PASKENDALE","V1"
"THUMAS LAIDURE","THIEBAUT DE HENNIN","V1"
"THIEBAUT DE HENNIN","MARIEN DE SAINT NICHOLAÏ","V1"
"JEHAN DE BARGHES","MARIEN DE SAINT NICHOLAÏ","V1"
"JAKEMON DE BIEKERIEL","MARIEN TROP","V1"
"WILLART DE BAUVIN","MARIEN TROP","V1"
"WILLART DE BAUVIN","JEHAN DE BAUVIN","V1"
"WILLIAUME CAPELAIN","JEHAN DE BAUVIN","V1"
"MIKIEL MAKE BOURDE","ukn14","V1"
"WATIER CAPIELE","ukn14","V1"
"MARGOT PINTE","OBIERT DE PIERONNE","V1"
"MARIEN DIDIERE","OBIERT DE PIERONNE","V1"
"JEHAN LACOTIN","MGR GRART D'IWIUR","V1"
"JEHAN DE CAMBRAI","THIEBAUT DE HENNIN","V1"
"THIEBAUT DE HENNIN","JEHAN LE ROI","V1"
"SYMON DE MONTEGNI","JEHAN LE ROI","V1"
"JEHAN LE GRANT","MIKIEL D'OBERCH","V1"
"MIKIEL D'OBERCH","JEHAN DE MONS","V1"
"JEHAN DE MONS","ROGIER D'ORCHIES","V1"
"ROGIER D'ORCHIES","JEHAN DES AUBIAUS","V1"
"JEHAN DES AUBIAUS","JEHAN FILLETE","V1"
"JEHAN FILLETE","ERNAUT DE LE HAIE","V1"
"LE MONNE","ERNAUT DE LE HAIE","V1"
"ROSE DE DOURGES","PIERON DE WAREMONS","V1"
"CRESTIENNE VRIENT","PIERON DE WAREMONS","V1"
"LE MONNE","SYMON BOFFLIN","V1"
"SYMON BOFFLIN","GILLION CAULET","V1"
"GILLION CAULET","AMANT DE LANDAST","V1"
"PIERON DE HASNON","AMANT DE LANDAST","V1"
"JEHAN DE LES","RICHART POURCIEL","V1"
"WATIER D'ARRAS","PIERON LE CARPENTIER","V1"
"WATIER LE LAINIER","PIERON LE CARPENTIER","V1"
"JEHAN FLORIT","ALIS LE MAÇONE","V1"
"MIKIEL BAFFLIN","LE MONNE","V1"
"WERIN MULET","LE MONNE","V1"
"SAINT PIERE","LE MONNE","V1"
"JEHAN PAINMOULLIET","MARIEN DE VALENCHIENES","V1"
"GILLION PORTE ESTEULE","MARIEN DE VALENCHIENES","V1"
"NICHOLON DE GAVERIELE","WAUBIERT LE KIEVRE","V1"
"WAUBIERT LE KIEVRE","THUMAS DOU TONNELET","V1"
"MIKIEL DE RIULAI","THUMAS DOU TONNELET","V1"
"THIEBAUT DE BREBIERE","MIKIEL LE CANDELIER","V1"
"ENGHERRAN PILATE","COLART LE CRETINIER","V1"
"YSABIEL DE LE VILE","COLART LE CRETINIER","V1"
"JAKEMON D'ONGNIES","JEHAN PINÇON","V1"
"RICHART DOU MARKIET","MARIEN DE ROUCORT","V1"
"JEHAN ADELUYE","MARIEN DE ROUCORT","V1"
"CRESTELOT LE CARETON","GRART DE MELANS","V1"
"BOURGHAIN LE BLANKE","GRART DE MELANS","V1"
"MARGOT DE SAINT OMER","SOHIER DE CASTRES","V1"
"JEHAN LE CARPENTIER","SOHIER DE CASTRES","V1"
"GOBIERT LE MIGNOT","MABILIEN DE CASSIEL","V1"
"WILLIAUME LE BLAIER","MABILIEN DE CASSIEL","V1"
"WIOT DE COURIERES","BERNART DOU LYONCIEL","VI1"
"JAKEMON D'AIRE","BERNART DOU LYONCIEL","VI1"
"WIOT DE COURIERES","JEHAN PIKETE","VI1"
"EUBELET LE DOIEN","JEHAN PIKETE","VI1"
"LE MONNE","WATIER PIET","VI1"
"JEHAN LE BARBETEUR","WILLIAUME LE FOURNIER","VI1"
"MGR JAKEMON LE ROI","WILLIAUME LE FOURNIER","VI1"
"RENIER D'ONGNIES","ADAM LE FOURNIER","VI1"
"WATIER ESPINEKOKE","ADAM LE FOURNIER","VI1"
"JEHAN LE KIEN","SAINT SANSON","VI1"
"SAINT SANSON","MARGRITAIN LE CATE","VI1"
"EVAIN DE PUILLE","MARGRITAIN LE CATE","VI1"
"NICHOLON DE PEULE","JAKEMON BULETIN","VI1"
"MARGRITAIN LE MAÇONNESSE","JEHAN D'ESKIERCHIN","VI1"
"JEHAN D'ESKIERCHIN","HUON LE CROISIET","VI1"
"COLART D'AUBI","HUON LE CROISIET","VI1"
"JEHAN TRUBIERT","MARGRITAIN DE COURIERES","VI1"
"MARIEN DE COURIERES","MARGRITAIN DE COURIERES","VI1"
"RICHART POURCIEL","ROGIER LE CARBONNIER","VI1"
"HUON L'ENFANT","ROGIER LE CARBONNIER","VI1"
"WILLIAUME MALET","WILLIAUME DE HARNES","VI1"
"WILLAUME LE WAUKIER","WILLIAUME DE HARNES","VI1"
"MARIEN GOULET","WILLAUME LE WAUKIER","VI1"
"JEHAN MOUTON","JAKEMON PILATE","VI1"
"IVETAIN MORIELE","JAKEMON PILATE","VI1"
"NICOLON CAHET","SANDRART D'AUCI","VI1"
"PIERON DE HASNON","SANDRART D'AUCI","VI1"
"BRIDAIN LE BLONDE","MIKIEL DE HARNES","VI1"
"JAKEMON BARAT","MARIEN DOU MARÉS","V bis"
"PIERON POUCHIN","MARIEN DOU MARÉS","V bis"
"JOURDAIN CLINCHART","JEHAN BOURLET","V bis"
"MARIEN LE RICHART","JEHAN BOURLET","V bis"
"THUMAS ESPINEKOKE","JEHAN DE DOURGES","VI bis"
"GRART LE VERRIER","JEHAN DE DOURGES","VI bis"
"WILLIAUME PAUTONNIER","ROBIERT VODIN","VI bis"
"WILLIAUME PAUTONNIER","GILLION BLONDIEL","VI bis"
"JEHAN PIKETE","GILLION BLONDIEL","VI bis"
"JEHAN PIKETE","JEHAN ESCAILLEBIERT","VI bis"
"GOSSUIN BLAVETIN","JEHAN ESCAILLEBIERT","VI bis"
"RAIMBOURC LE SAGE","GRART DE WARENGHIEN","VI bis"
"WATIER DE WARENGHIEN","GRART DE WARENGHIEN","VI bis"
"JEHAN JOVENIEL","MGR GOSSUIN DE SAINT AUBIN","VI bis"
"MAROTAIN LE VODINE","ADAM DOU MOUTON","VI bis"
"LE MONNE","ADAM DOU MOUTON","VI bis"
"BAUDE PAULOT","WILLIAUME BLAUTIN","VI bis"
"AMET LE BURELIER","WILLIAUME BLAUTIN","VI bis"
"GRART DE BIERELAU","SAINT SANSON","VI bis"
"SAINT SANSON","THUMAS ESPINEKOKE","VI bis"
"JEHAN D'ANESIN","THUMAS ESPINEKOKE","VI bis"
"JEHAN BOINE BROKE","JEHAN CARETON","VII"
"MARIIEN LOUVRI","MARIEN DE LENS","I bis"
"WATIER PIET","MARIEN DE LENS","I bis"
"WILLIAUME MALET","JEHAN LE WAUCROIS","II ter"
"JEHAN DE MIEREGNIES","BERGAIN LE LEU","II ter"
"JEHAN LE TOILIER","SAINT JEHAN","II ter"
"CATELINE LE CHATIERE","SAINT JEHAN","II ter"
"JEHAN MAUVISET","BIETRIS DE HASEBRUECH","II ter"
"ENGHERRAN DOU FOUR","BIETRIS DE HASEBRUECH","II ter"
"ROBIERT DE FIERIN","ROBIERT","I1"
"BAUDE L'ARTISIEN","TENEMENT DES MALADES","I1"
"JEHAN LE GIERMAIN","DANIEL","II1"
"PIERON DE HASNON","MARIIEN DE L'EVE","II1"
"MARIEN","MARIIEN DE L'EVE","II1"
"MARGOT DE MAGNI","MARIEN","II1"
